<?xml version="1.0" encoding="ISO-8859-1"?>
<metadata>
	<idinfo>
		<citation>
			<citeinfo>
				<origin>Portland State University(comp.)</origin>
				<pubdate>20051101</pubdate>
				<pubtime>Unknown</pubtime>
				<title Sync="TRUE">glaciers100K_DD</title>
				<edition>1.2</edition>
				<geoform Sync="TRUE">vector digital data</geoform>
				<serinfo>
					<sername>US Glacier Database</sername>
					<issue>1.1</issue>
				</serinfo>
				<pubinfo>
					<pubplace>Portland, Oregon</pubplace>
					<publish>Portland State University Geology Department</publish>
				</pubinfo>
				<onlink>http://www.glaciers.pdx.edu/</onlink>
				<lworkcit>
					<citeinfo>
						<serinfo></serinfo>
						<pubinfo></pubinfo>
					</citeinfo>
				</lworkcit>
				<ftname Sync="TRUE">glaciers100K_DD</ftname></citeinfo>
		</citation>
		<descript>
			<abstract>This is one component of a database of glacial extent for the American West.  The purpose of this project is to collect and distribute data concerning the location of and changes in glacial extent over the historic period. Glaciers are found in the states of Washington, Oregon, California, Montana, Wyoming, and Colorado, and perhaps in Nevada, Utah, and Idaho. We have three motivations for this project. First, glaciers are rapidly shrinking due to climate warming. This is true not only for the American West, but for most other regions of the world. Perhaps glaciers are the clearest expression of climate change. Second, assessment of glacier cover and its change is importance to regional stream flow and global sea level. Understanding the changes will allow us to define past contributions and estimate future effects if the glaciers recede drammatically or disappear altogether.  Finally, glaciers are fascinating landforms. Under the right conditions they store information on past climates, and create lasting landforms, such as moraines that can also be used to infer past climates.</abstract>
			<purpose>The purpose of this project is to collect and distribute data on the glaciers of the American West,
exclusive of Alaska.</purpose>
			<langdata Sync="TRUE">en</langdata></descript>
		<timeperd>
			<timeinfo>
				<sngdate><caldate>11/01/2005</caldate></sngdate>
			</timeinfo>
			<current>publication date</current>
		</timeperd>
		<status>
			<progress>Complete</progress>
			<update>None planned</update>
		</status>
		<spdom>
			<bounding>
				<westbc Sync="TRUE">-123.773034</westbc>
				<eastbc Sync="TRUE">-105.628928</eastbc>
				<northbc Sync="TRUE">49.000088</northbc>
				<southbc Sync="TRUE">37.001464</southbc>
			</bounding>
			<lboundng><leftbc Sync="TRUE">-123.773034</leftbc><rightbc Sync="TRUE">-105.628928</rightbc><bottombc Sync="TRUE">37.001464</bottombc><topbc Sync="TRUE">49.000088</topbc></lboundng></spdom>
		<keywords>
			<theme>
				<themekt>None</themekt>
				<themekey>Glaciers</themekey>
				<themekey>Permanent Snow</themekey><themekey>Permanent Ice</themekey></theme>
			<place>
				<placekt>None</placekt>
				<placekey>US</placekey>
				<placekey>Cascade Mountains</placekey>
				<placekey>Olympics</placekey>
				<placekey>Rocky Mountains</placekey>
				<placekey>Sierra Nevada</placekey></place>
			<stratum></stratum>
			<temporal></temporal>
		</keywords>
		<accconst>None</accconst>
		<useconst>These data were compiled for public use from the USGS 1:100,000 scale digital line graphs and digital raster graphics. While there are no explicit constraints on the use of the data, please exercise appropriate judgement in the use and interpretation of these data. 
Public domain data from Portland State University are freely redistributable with proper metadata and source attribution.</useconst>
		<ptcontac>
			<cntinfo>
				<cntperp>
					<cntper>Dr. Andrew G. Fountain</cntper>
					<cntorg>Portland State University</cntorg>
				</cntperp>
				<cntpos>Associate Professor</cntpos>
				<cntaddr>
					<addrtype>mailing and physical address</addrtype>
					<address>
Department of Geology
Portland State University
PO Box 751
</address>
					<city>Portland</city>
					<state>OR</state>
					<postal>97207-0751</postal>
					<country>USA</country>
				</cntaddr>
				<cntvoice>503.725.3386</cntvoice>
				<cntfax>503.725.3025</cntfax>
				<cntemail>FountainA@pdx.edu</cntemail>
			</cntinfo>
		</ptcontac>
		<datacred>We thank the US Geological Survey for supplying data and assistance. The data were compiled by Amy Ebnet, Jon Ebnet, Peter Sniffen, Thomas Nylen, Andrew Fountain, David Percy, Hassan Basagic, and Keith Jackson all of Portland State University. </datacred>
		<secinfo>
			<secclass>Unclassified</secclass>
			<sechandl>There are no specific handling details,</sechandl>
		</secinfo>
		<native Sync="TRUE">Microsoft Windows XP Version 5.1 (Build 2600) Service Pack 2; ESRI ArcCatalog 9.0.0.535</native>
		<crossref>
			<citeinfo>
				<origin>Portland State University(comp.)</origin>
				<pubdate>Unpublished material</pubdate>
				<pubtime>Unknown</pubtime>
				<title>US Glacier Database</title>
				<edition>1.1</edition>
				<geoform>map</geoform>
				<serinfo></serinfo>
				<pubinfo></pubinfo>
			</citeinfo>
		</crossref>
		<natvform Sync="TRUE">Shapefile</natvform></idinfo>
	<dataqual>
		<attracc>
			<attraccr>Features identified as glaciers on USGS maps may or may not meet the criteria of an active glacier.  We did not make
an effort to check the orginal interpretations of the aerial photographs used to make the maps.</attraccr>
		</attracc>
		<logic>This dataset is a completely faithful copy of the glacier polygons found on the 1:100,000 scale maps.. We deem it to be topologically clean, in that: chains are closed and inner rings embed within outer rings. ESRI (R) ArcView 9.0 software was used to verify.</logic>
		<complete>The data set is complete.</complete>
		<posacc>
			<horizpa>
				<horizpar>The geospatial part of this data set was originally extracted from individual 100,000-scale Digital Line Graph (DLG) files produced by the U.S. Geological Survey which have a positional accuracy defined by the National Map accuracy Standards (NMAS). NMAS horizontal accuracy requires that at least 90 percent of points tested are within 0.02 inches of the true position.
Vertex positions were verified and updated against scanned 1:100,000 quad maps (DRG), which have the 
same stated accuracy standards.</horizpar>
			</horizpa>
			<vertacc>
				<vertaccr>Vertical accuracy is dependent on published National Elevation Data, constrained by horizontal accuracy.
Vertical data were compiled from 30 meter accuracy NED data.</vertaccr>
			</vertacc>
		</posacc>
		<lineage>
			<srcinfo>
				<srccite>
					<citeinfo>
						<serinfo></serinfo>
						<pubinfo></pubinfo>
						<lworkcit>
							<citeinfo>
								<serinfo></serinfo>
								<pubinfo></pubinfo>
							</citeinfo>
						</lworkcit>
					</citeinfo>
				</srccite>
				<srctime>
					<timeinfo>
						<sngdate></sngdate>
					</timeinfo>
				</srctime>
			</srcinfo>
			<procstep>
				<procdesc>We obtained digitized depictions of glacier outlines from the US Geological Survey as digital line graphs (DLG) from the hydrographic layer (lakes, swamps, rivers, glaciers). The glaciers were represented by lines that
outlined the extent of each glacier or snowfield. 

To be sure that all the glaciers were correctly digitized from the original paper maps into DLGs, the
DLG's were overlayed on digitally scanned and georeferenced paper maps, known as a 'digital raster
graphic', DRG, by the US Geological Survey.  Where glaciers were missing we digitized new ones, and where
glaciers were indicated but were actually lakes, we deleted them. There were also errors of digization where we
corrected the glacier outline by moving individual vertices or simply deleting and re-digitizing the object.

The DLG data of glacier outlines were checked for accuracy and completeness by at least two different
people.  The outlines were considiered "accurate" if they were within one line width of the DRG outline.</procdesc>
				<procdate>Unknown</procdate>
				<proccont>
					<cntinfo>
						<cntperp>
							<cntper>Dr. Andrew G. Fountain</cntper>
							<cntorg>Portland State University</cntorg>
						</cntperp>
						<cntpos>Associate Professor</cntpos>
						<cntaddr>
							<addrtype>mailing and physical address</addrtype>
							<address>Department of Geology Portland State University PO Box 751</address>
							<city>Portland</city>
							<state>OR</state>
							<postal>97201</postal>
							<country>USA</country>
						</cntaddr>
						<cntvoice>503.725.3386</cntvoice>
						<cntfax>503.725.3025</cntfax>
						<cntemail>FountainA@pdx.edu</cntemail>
					</cntinfo>
				</proccont>
			</procstep>
			<procstep><procdesc Sync="TRUE">Metadata imported.</procdesc><srcused Sync="TRUE">C:\DOCUME~1\bjpd\LOCALS~1\Temp\xml20F.tmp</srcused><date Sync="TRUE">20051018</date><time Sync="TRUE">16074400</time></procstep></lineage>
	</dataqual>
	<spdoinfo>
		<direct Sync="TRUE">Vector</direct>
		<ptvctinf>
			<sdtsterm Name="glaciers100K_DD"><sdtstype Sync="TRUE">G-polygon</sdtstype><ptvctcnt Sync="TRUE">1523</ptvctcnt></sdtsterm>
			<esriterm Name="glaciers100K_DD"><efeatyp Sync="TRUE">Simple</efeatyp><efeageom Sync="TRUE">Polygon</efeageom><esritopo Sync="TRUE">FALSE</esritopo><efeacnt Sync="TRUE">1523</efeacnt><spindex Sync="TRUE">TRUE</spindex><linrefer Sync="TRUE">FALSE</linrefer></esriterm></ptvctinf>
		<spref>
			<horizsys>
				<geograph>
					<latres>??</latres>
					<longres>??</longres>
					<geogunit>Decimal degrees</geogunit>
				</geograph>
				<geodetic>
					<horizdn>North American Datum of 1983</horizdn>
					<ellips>Geodetic Reference System 80</ellips>
					<semiaxis>??</semiaxis>
					<denflat>??</denflat>
				</geodetic>
			</horizsys>
			<vertdef>
				<altsys>
					<altdatum>National Geodetic Vertical Datum of 1929</altdatum>
					<altres>12.5</altres>
					<altunits>Meters</altunits>
					<altenc>Attribute values</altenc>
				</altsys>
				<depthsys>
					<depthdn>No correction</depthdn>
					<depthdu>Meters</depthdu>
					<depthem>Attribute values</depthem>
				</depthsys>
			</vertdef>
		</spref>
	</spdoinfo>
	<eainfo>
		<detailed Name="glaciers100K_DD">
			<enttyp>
				<enttypl Sync="TRUE">glaciers100K_DD</enttypl>
				<enttypd>???</enttypd>
				<enttypds>???</enttypds>
				<enttypt Sync="TRUE">Feature Class</enttypt><enttypc Sync="TRUE">1523</enttypc></enttyp>
			<attr><attrlabl Sync="TRUE">FID</attrlabl><attalias Sync="TRUE">FID</attalias><attrtype Sync="TRUE">OID</attrtype><attwidth Sync="TRUE">4</attwidth><atprecis Sync="TRUE">0</atprecis><attscale Sync="TRUE">0</attscale><attrdef Sync="TRUE">Internal feature number.</attrdef><attrdefs Sync="TRUE">ESRI</attrdefs><attrdomv><udom Sync="TRUE">Sequential unique whole numbers that are automatically generated.</udom></attrdomv></attr><attr><attrlabl Sync="TRUE">Shape</attrlabl><attalias Sync="TRUE">Shape</attalias><attrtype Sync="TRUE">Geometry</attrtype><attwidth Sync="TRUE">0</attwidth><atprecis Sync="TRUE">0</atprecis><attscale Sync="TRUE">0</attscale><attrdef Sync="TRUE">Feature geometry.</attrdef><attrdefs Sync="TRUE">ESRI</attrdefs><attrdomv><udom Sync="TRUE">Coordinates defining the features.</udom></attrdomv></attr><attr><attrlabl Sync="TRUE">AREA</attrlabl><attalias Sync="TRUE">AREA</attalias><attrtype Sync="TRUE">Number</attrtype><attwidth Sync="TRUE">19</attwidth><atnumdec Sync="TRUE">3</atnumdec><attrdef>Area calculated in square meters in the NAD_83_Albers_Equal_Area projection</attrdef></attr><attr><attrlabl Sync="TRUE">PERIMETER</attrlabl><attalias Sync="TRUE">PERIMETER</attalias><attrtype Sync="TRUE">Number</attrtype><attwidth Sync="TRUE">19</attwidth><atnumdec Sync="TRUE">3</atnumdec><attrdef>Perimeter calculated in meters in the NAD_83_Albers_Equal_Area projection</attrdef></attr><attr><attrlabl Sync="TRUE">RECNO</attrlabl><attalias Sync="TRUE">RECNO</attalias><attrtype Sync="TRUE">Number</attrtype><attwidth Sync="TRUE">11</attwidth><attrdef>Unique identifier generated by PSU</attrdef></attr><attr><attrlabl Sync="TRUE">X_COORD</attrlabl><attalias Sync="TRUE">X_COORD</attalias><attrtype Sync="TRUE">Number</attrtype><attwidth Sync="TRUE">19</attwidth><atnumdec Sync="TRUE">5</atnumdec><attrdef>Centroid X in Decimal Degrees</attrdef></attr><attr><attrlabl Sync="TRUE">Y_COORD</attrlabl><attalias Sync="TRUE">Y_COORD</attalias><attrtype Sync="TRUE">Number</attrtype><attwidth Sync="TRUE">19</attwidth><atnumdec Sync="TRUE">5</atnumdec><attrdef>Centroid Y in Decimal Degrees</attrdef></attr><attr><attrlabl Sync="TRUE">CLASSIFICA</attrlabl><attalias Sync="TRUE">CLASSIFICA</attalias><attrtype Sync="TRUE">String</attrtype><attwidth Sync="TRUE">20</attwidth><attrdef>Description</attrdef></attr><attr><attrlabl Sync="TRUE">SOURCE</attrlabl><attalias Sync="TRUE">SOURCE</attalias><attrtype Sync="TRUE">String</attrtype><attwidth Sync="TRUE">20</attwidth><attrdef>Agency or media of origination</attrdef></attr><attr><attrlabl Sync="TRUE">SRC_SCALE</attrlabl><attalias Sync="TRUE">SRC_SCALE</attalias><attrtype Sync="TRUE">String</attrtype><attwidth Sync="TRUE">10</attwidth><attrdef>Scale of feature's original mapping</attrdef></attr><attr><attrlabl Sync="TRUE">GLACNAME</attrlabl><attalias Sync="TRUE">GLACNAME</attalias><attrtype Sync="TRUE">String</attrtype><attwidth Sync="TRUE">30</attwidth></attr></detailed>
		<overview>
			<eaover>The database contains outlines of glacier extents</eaover>
		</overview>
	</eainfo>
	<distinfo>
		<distrib>
			<cntinfo>
				<cntperp>
					<cntper>Andrew G. Fountain</cntper>
					<cntorg>Portland State University</cntorg>
				</cntperp>
				<cntpos>Associate Professor</cntpos>
				<cntaddr>
					<addrtype>mailing address</addrtype>
					<address>
Department of Geology
Portland State University
P.O. Box 751
</address>
					<city>Portland</city>
					<state>OR</state>
					<postal>97207-0751</postal>
					<country>USA</country>
				</cntaddr>
				<cntvoice>503-725-3386</cntvoice>
				<cntfax>503.725.3025</cntfax>
				<cntemail>fountaina@pdx.edu</cntemail>
			</cntinfo>
		</distrib>
		<resdesc>???</resdesc>
		<distliab>Although these data have been processed successfully on a computer system at Portland State University (PSU), no warranty expressed or implied is made by the PSU regarding the utility of the data on any other system, nor
shall the act of distribution constitute any such warranty.
No responsibility is assumed by the PSU in the use of these data.</distliab>
		<stdorder>
			<digform>
				<digtinfo>
					<formname>ARCE</formname>
					<formvern>1.1</formvern>
					<formspec>???</formspec>
					<formcont>???</formcont>
					<filedec>zip</filedec>
					<transize>???</transize>
					<dssize Sync="TRUE">1.307</dssize></digtinfo>
				<digtopt>
					<onlinopt>
						<computer>
							<networka>
								<networkr>???</networkr>
							</networka>
						</computer>
						<accinstr>???</accinstr>
						<oncomp>???</oncomp>
					</onlinopt>
				</digtopt>
			</digform>
			<fees>There is no charge for the online option.</fees>
		</stdorder>
		<techpreq>The data are available in Environmental Systems Research Institute (ESRI) shapefile format. The user must have
ArcGIS� or ArcView� 3.0 or greater software to read and process the data file. In lieu of ArcView or ArcGIS, the user may utilize another GIS application package capable of importing data. A free data viewer, arcexplorer, is available from ESRI at www.esri.com. </techpreq>
		<availabl>
			<timeinfo>
				<sngdate></sngdate>
			</timeinfo>
		</availabl>
	</distinfo>
	<metainfo>
		<metd Sync="TRUE">20051130</metd>
		<metrd>20041004</metrd>
		<metfrd>20051004</metfrd>
		<metc>
			<cntinfo>
				<cntperp>
					<cntper>Dr. Andrew G. Fountain</cntper>
					<cntorg>Portland State University</cntorg>
				</cntperp>
				<cntpos>Associate Professor</cntpos>
				<cntaddr>
					<addrtype>mailing and physical address</addrtype>
					<address>Department of Geology Portland State University PO Box 751</address>
					<city>Portland</city>
					<state>OR</state>
					<postal>97201</postal>
					<country>USA</country>
				</cntaddr>
				<cntvoice>503.725.3386</cntvoice>
				<cntfax>503.725.3025</cntfax>
				<cntemail>FountainA@pdx.edu</cntemail>
			</cntinfo>
		</metc>
		<metstdn Sync="TRUE">FGDC Content Standards for Digital Geospatial Metadata</metstdn>
		<metstdv Sync="TRUE">FGDC-STD-001-1998</metstdv>
		<metac>None</metac>
		<metuc>None</metuc>
		<metsi></metsi>
		<langmeta Sync="TRUE">en</langmeta><mettc Sync="TRUE">local time</mettc><metextns><onlink Sync="TRUE">http://www.esri.com/metadata/esriprof80.html</onlink><metprof Sync="TRUE">ESRI Metadata Profile</metprof></metextns></metainfo>
	<Esri><MetaID>{2B59D826-D16C-48C0-BACA-3A7D5E3035F3}</MetaID><CreaDate>20051018</CreaDate><CreaTime>16074400</CreaTime><SyncOnce>FALSE</SyncOnce><SyncDate>20051130</SyncDate><SyncTime>16085100</SyncTime><ModDate>20051130</ModDate><ModTime>16085100</ModTime></Esri><dataIdInfo><envirDesc Sync="TRUE">Microsoft Windows XP Version 5.1 (Build 2600) Service Pack 2; ESRI ArcCatalog 9.0.0.535</envirDesc><dataLang><languageCode Sync="TRUE" value="en"></languageCode></dataLang><idCitation><resTitle Sync="TRUE">glaciers100K_DD</resTitle><presForm><PresFormCd Sync="TRUE" value="005"></PresFormCd></presForm></idCitation><spatRpType><SpatRepTypCd Sync="TRUE" value="001"></SpatRepTypCd></spatRpType><dataExt><geoEle><GeoBndBox esriExtentType="native"><westBL Sync="TRUE">-123.773034</westBL><eastBL Sync="TRUE">-105.628928</eastBL><northBL Sync="TRUE">49.000088</northBL><southBL Sync="TRUE">37.001464</southBL><exTypeCode Sync="TRUE">1</exTypeCode></GeoBndBox></geoEle></dataExt><geoBox esriExtentType="decdegrees"><westBL Sync="TRUE">-123.773034</westBL><eastBL Sync="TRUE">-105.628928</eastBL><northBL Sync="TRUE">49.000088</northBL><southBL Sync="TRUE">37.001464</southBL><exTypeCode Sync="TRUE">1</exTypeCode></geoBox></dataIdInfo><mdLang><languageCode Sync="TRUE" value="en"></languageCode></mdLang><mdStanName Sync="TRUE">ISO 19115 Geographic Information - Metadata</mdStanName><mdStanVer Sync="TRUE">DIS_ESRI1.0</mdStanVer><mdChar><CharSetCd Sync="TRUE" value="004"></CharSetCd></mdChar><mdHrLv><ScopeCd Sync="TRUE" value="005"></ScopeCd></mdHrLv><mdHrLvName Sync="TRUE">dataset</mdHrLvName><distInfo><distributor><distorTran><onLineSrc><orDesc Sync="TRUE">002</orDesc><linkage Sync="TRUE">file://\\psu\resources\students\projects\geodata\glaciers\data\100k\100k_dlg\work_tracking\2005_09_21\glaciers100K_DD.shp</linkage><protocol Sync="TRUE">Local Area Network</protocol></onLineSrc><transSize Sync="TRUE">1.307</transSize></distorTran><distorFormat><formatName Sync="TRUE">Shapefile</formatName></distorFormat></distributor></distInfo><spref><horizsys><cordsysn><geogcsn Sync="TRUE">GCS_North_American_1983</geogcsn></cordsysn><geograph><geogunit Sync="TRUE">Decimal degrees</geogunit><latres Sync="TRUE">0.000000</latres><longres Sync="TRUE">0.000000</longres></geograph><geodetic><horizdn Sync="TRUE">North American Datum of 1983</horizdn><ellips Sync="TRUE">Geodetic Reference System 80</ellips><semiaxis Sync="TRUE">6378137.000000</semiaxis><denflat Sync="TRUE">298.257222</denflat></geodetic></horizsys></spref><refSysInfo><RefSystem><refSysID><identCode Sync="TRUE">GCS_North_American_1983</identCode></refSysID></RefSystem></refSysInfo><spatRepInfo><VectSpatRep><topLvl><TopoLevCd Sync="TRUE" value="001"></TopoLevCd></topLvl><geometObjs Name="glaciers100K_DD"><geoObjTyp><GeoObjTypCd Sync="TRUE" value="001"></GeoObjTypCd></geoObjTyp><geoObjCnt Sync="TRUE">1523</geoObjCnt></geometObjs></VectSpatRep></spatRepInfo><mdDateSt Sync="TRUE">20051130</mdDateSt></metadata>
